,pca_m0,proba
0,-0.02,0.993635
1,-0.01998,0.99362487
2,-0.019960000000000002,0.9936148
3,-0.01994,0.99360466
4,-0.01992,0.9935946
5,-0.0199,0.9935844
6,-0.019880000000000002,0.9935743
7,-0.01986,0.9935641
8,-0.01984,0.9935539
9,-0.01982,0.9935437
10,-0.0198,0.99353343
11,-0.01978,0.99352324
12,-0.01976,0.9935129
13,-0.01974,0.9935026
14,-0.01972,0.99349236
15,-0.0197,0.99348205
16,-0.01968,0.99347174
17,-0.01966,0.9934614
18,-0.01964,0.993451
19,-0.019620000000000002,0.9934407
20,-0.0196,0.99343026
21,-0.01958,0.9934198
22,-0.01956,0.9934094
23,-0.019540000000000002,0.993399
24,-0.01952,0.9933885
25,-0.0195,0.99337804
26,-0.01948,0.9933675
27,-0.01946,0.993357
28,-0.01944,0.9933465
29,-0.01942,0.99333596
30,-0.0194,0.99332535
31,-0.01938,0.9933148
32,-0.01936,0.9933042
33,-0.01934,0.9932936
34,-0.01932,0.993283
35,-0.0193,0.99327236
36,-0.019280000000000002,0.9932616
37,-0.01926,0.993251
38,-0.01924,0.9932403
39,-0.01922,0.99322957
40,-0.019200000000000002,0.9932189
41,-0.01918,0.9932081
42,-0.01916,0.9931973
43,-0.01914,0.99318653
44,-0.01912,0.9931758
45,-0.0191,0.993165
46,-0.01908,0.99315417
47,-0.01906,0.9931433
48,-0.01904,0.9931325
49,-0.01902,0.9931215
50,-0.019,0.99311066
51,-0.01898,0.99309975
52,-0.01896,0.9930888
53,-0.01894,0.9930778
54,-0.01892,0.99306685
55,-0.0189,0.9930559
56,-0.01888,0.9930449
57,-0.018860000000000002,0.9930338
58,-0.01884,0.9930228
59,-0.01882,0.9930117
60,-0.0188,0.9930006
61,-0.01878,0.9929896
62,-0.01876,0.99297845
63,-0.01874,0.99296737
64,-0.01872,0.9929562
65,-0.0187,0.992945
66,-0.01868,0.9929339
67,-0.01866,0.99292266
68,-0.01864,0.9929115
69,-0.01862,0.9929002
70,-0.0186,0.9928889
71,-0.01858,0.9928777
72,-0.01856,0.99286646
73,-0.01854,0.9928552
74,-0.018520000000000002,0.99284387
75,-0.0185,0.99283254
76,-0.01848,0.99282104
77,-0.01846,0.9928097
78,-0.01844,0.9927983
79,-0.01842,0.9927869
80,-0.0184,0.99277556
81,-0.01838,0.992764
82,-0.01836,0.9927526
83,-0.01834,0.9927411
84,-0.01832,0.9927296
85,-0.0183,0.99271804
86,-0.01828,0.9927066
87,-0.01826,0.992695
88,-0.01824,0.99268335
89,-0.01822,0.9926718
90,-0.0182,0.9926602
91,-0.01818,0.9926486
92,-0.01816,0.9926369
93,-0.01814,0.99262536
94,-0.01812,0.99261355
95,-0.0181,0.99260193
96,-0.01808,0.9925901
97,-0.01806,0.9925784
98,-0.01804,0.99256665
99,-0.01802,0.99255484
100,-0.018000000000000002,0.99254304
101,-0.01798,0.9925313
102,-0.01796,0.99251944
103,-0.01794,0.99250764
104,-0.01792,0.9924958
105,-0.0179,0.9924838
106,-0.01788,0.992472
107,-0.01786,0.99245995
108,-0.01784,0.9924481
109,-0.01782,0.9924362
110,-0.0178,0.9924241
111,-0.01778,0.9924121
112,-0.01776,0.9924001
113,-0.01774,0.992388
114,-0.01772,0.99237597
115,-0.0177,0.9923639
116,-0.01768,0.99235183
117,-0.017660000000000002,0.9923397
118,-0.01764,0.99232763
119,-0.01762,0.99231535
120,-0.0176,0.99230325
121,-0.01758,0.99229103
122,-0.01756,0.99227875
123,-0.01754,0.99226665
124,-0.01752,0.99225444
125,-0.0175,0.9922421
126,-0.01748,0.9922298
127,-0.01746,0.9922175
128,-0.01744,0.99220514
129,-0.01742,0.9921928
130,-0.0174,0.9921804
131,-0.01738,0.99216807
132,-0.01736,0.9921556
133,-0.01734,0.9921433
134,-0.017320000000000002,0.9921308
135,-0.0173,0.99211824
136,-0.01728,0.9921058
137,-0.01726,0.99209327
138,-0.01724,0.9920808
139,-0.01722,0.99206823
140,-0.0172,0.9920557
141,-0.01718,0.9920432
142,-0.01716,0.9920305
143,-0.01714,0.9920179
144,-0.01712,0.9920052
145,-0.0171,0.99199265
146,-0.01708,0.9919799
147,-0.01706,0.9919672
148,-0.01704,0.99195445
149,-0.01702,0.9919417
150,-0.017,0.99192894
151,-0.016980000000000002,0.9919162
152,-0.01696,0.9919034
153,-0.01694,0.9918905
154,-0.01692,0.9918777
155,-0.0169,0.99186474
156,-0.01688,0.9918519
157,-0.01686,0.99183905
158,-0.01684,0.9918261
159,-0.01682,0.9918132
160,-0.0168,0.99180025
161,-0.01678,0.99178725
162,-0.01676,0.99177426
163,-0.01674,0.9917611
164,-0.01672,0.9917481
165,-0.0167,0.99173504
166,-0.01668,0.9917219
167,-0.01666,0.9917088
168,-0.016640000000000002,0.99169564
169,-0.01662,0.9916826
170,-0.0166,0.9916694
171,-0.01658,0.9916562
172,-0.01656,0.99164295
173,-0.01654,0.9916297
174,-0.01652,0.9916165
175,-0.0165,0.99160326
176,-0.01648,0.9915899
177,-0.01646,0.9915766
178,-0.01644,0.9915632
179,-0.01642,0.9915499
180,-0.0164,0.9915365
181,-0.01638,0.991523
182,-0.01636,0.99150974
183,-0.01634,0.9914962
184,-0.01632,0.9914828
185,-0.016300000000000002,0.9914693
186,-0.01628,0.99145573
187,-0.01626,0.9914422
188,-0.01624,0.99142873
189,-0.01622,0.9914151
190,-0.0162,0.9914015
191,-0.01618,0.99138784
192,-0.01616,0.9913742
193,-0.01614,0.99136055
194,-0.01612,0.99134684
195,-0.0161,0.9913331
196,-0.01608,0.9913195
197,-0.01606,0.99130565
198,-0.01604,0.99129194
199,-0.01602,0.99127823
200,-0.016,0.99126434
201,-0.01598,0.99125046
202,-0.015960000000000002,0.9912367
203,-0.01594,0.9912228
204,-0.01592,0.99120885
205,-0.0159,0.99119496
206,-0.01588,0.99118096
207,-0.01586,0.991167
208,-0.01584,0.99115306
209,-0.01582,0.9911391
210,-0.0158,0.991125
211,-0.01578,0.991111
212,-0.01576,0.99109685
213,-0.01574,0.99108285
214,-0.01572,0.9910687
215,-0.0157,0.99105453
216,-0.01568,0.9910404
217,-0.01566,0.9910262
218,-0.01564,0.991012
219,-0.01562,0.9909977
220,-0.0156,0.9909834
221,-0.01558,0.99096924
222,-0.015560000000000001,0.9909549
223,-0.01554,0.99094063
224,-0.015519999999999999,0.99092627
225,-0.0155,0.99091184
226,-0.01548,0.9908975
227,-0.01546,0.99088305
228,-0.015439999999999999,0.9908686
229,-0.01542,0.9908542
230,-0.0154,0.9908397
231,-0.015380000000000001,0.9908252
232,-0.01536,0.9908107
233,-0.01534,0.9907961
234,-0.01532,0.9907815
235,-0.015300000000000001,0.990767
236,-0.01528,0.99075234
237,-0.01526,0.99073774
238,-0.01524,0.9907231
239,-0.015220000000000001,0.99070835
240,-0.0152,0.99069357
241,-0.015179999999999999,0.9906789
242,-0.01516,0.99066406
243,-0.01514,0.99064934
244,-0.01512,0.9906345
245,-0.015099999999999999,0.99061966
246,-0.01508,0.9906049
247,-0.01506,0.99059004
248,-0.015040000000000001,0.99057513
249,-0.01502,0.9905601
250,-0.015,0.99054515
251,-0.01498,0.99053025
252,-0.014960000000000001,0.9905152
253,-0.01494,0.9905002
254,-0.01492,0.99048513
255,-0.0149,0.99047005
256,-0.01488,0.9904551
257,-0.01486,0.99043995
258,-0.014839999999999999,0.9904248
259,-0.01482,0.9904096
260,-0.0148,0.9903945
261,-0.01478,0.9903793
262,-0.014759999999999999,0.99036396
263,-0.01474,0.99034876
264,-0.01472,0.99033344
265,-0.014700000000000001,0.9903181
266,-0.01468,0.9903028
267,-0.01466,0.9902842
268,-0.01464,0.99026424
269,-0.014620000000000001,0.99024427
270,-0.0146,0.9902242
271,-0.01458,0.9902042
272,-0.01456,0.9901841
273,-0.01454,0.9901639
274,-0.01452,0.99014384
275,-0.014499999999999999,0.99012357
276,-0.01448,0.9901003
277,-0.01446,0.99007547
278,-0.01444,0.99004734
279,-0.014419999999999999,0.9900167
280,-0.0144,0.98998505
281,-0.01438,0.9899493
282,-0.014360000000000001,0.98990977
283,-0.01434,0.98986864
284,-0.01432,0.98982334
285,-0.0143,0.98976916
286,-0.014280000000000001,0.98970795
287,-0.01426,0.98964584
288,-0.01424,0.9895834
289,-0.01422,0.9895182
290,-0.0142,0.98944974
291,-0.01418,0.9893805
292,-0.014159999999999999,0.989304
293,-0.01414,0.98922414
294,-0.01412,0.98914367
295,-0.0141,0.9890624
296,-0.014079999999999999,0.98898077
297,-0.01406,0.9888985
298,-0.01404,0.9888156
299,-0.014020000000000001,0.9887321
300,-0.014,0.98864794
301,-0.01398,0.9885632
302,-0.01396,0.98847777
303,-0.013940000000000001,0.98839164
304,-0.01392,0.9883049
305,-0.0139,0.9882177
306,-0.01388,0.9881296
307,-0.01386,0.988041
308,-0.01384,0.9879518
309,-0.013819999999999999,0.9878618
310,-0.0138,0.98777115
311,-0.01378,0.98767996
312,-0.01376,0.9875879
313,-0.013739999999999999,0.98749536
314,-0.01372,0.98740196
315,-0.0137,0.9873079
316,-0.013680000000000001,0.9872132
317,-0.01366,0.9871179
318,-0.01364,0.9870217
319,-0.01362,0.98692477
320,-0.013600000000000001,0.9868273
321,-0.01358,0.98672897
322,-0.01356,0.98663
323,-0.01354,0.9865303
324,-0.01352,0.98642975
325,-0.0135,0.9863285
326,-0.013479999999999999,0.98622656
327,-0.01346,0.9861238
328,-0.01344,0.98602027
329,-0.01342,0.985916
330,-0.013399999999999999,0.98581105
331,-0.01338,0.98570526
332,-0.01336,0.9855986
333,-0.013340000000000001,0.9854912
334,-0.01332,0.98538303
335,-0.0133,0.985274
336,-0.01328,0.9851643
337,-0.013260000000000001,0.9850537
338,-0.01324,0.9849422
339,-0.013219999999999999,0.98482996
340,-0.0132,0.98471695
341,-0.01318,0.9846029
342,-0.01316,0.98448825
343,-0.013139999999999999,0.9843726
344,-0.01312,0.98425615
345,-0.0131,0.98413885
346,-0.01308,0.9840207
347,-0.013059999999999999,0.9839017
348,-0.01304,0.98378164
349,-0.01302,0.9836609
350,-0.013000000000000001,0.9835392
351,-0.01298,0.98341656
352,-0.01296,0.98329294
353,-0.01294,0.98316854
354,-0.012920000000000001,0.9830432
355,-0.0129,0.9829169
356,-0.012879999999999999,0.98278964
357,-0.01286,0.9826615
358,-0.01284,0.98253244
359,-0.01282,0.9824023
360,-0.012799999999999999,0.9822714
361,-0.01278,0.9821394
362,-0.01276,0.9820064
363,-0.01274,0.9818725
364,-0.012719999999999999,0.9817376
365,-0.0127,0.98160166
366,-0.01268,0.98146474
367,-0.012660000000000001,0.98132676
368,-0.01264,0.9811879
369,-0.01262,0.98104787
370,-0.0126,0.9809069
371,-0.012580000000000001,0.98076475
372,-0.01256,0.9806217
373,-0.012539999999999999,0.9804776
374,-0.01252,0.9803323
375,-0.0125,0.9801861
376,-0.01248,0.98003876
377,-0.012459999999999999,0.9798903
378,-0.01244,0.97974074
379,-0.01242,0.9795901
380,-0.0124,0.9794385
381,-0.012379999999999999,0.97928554
382,-0.01236,0.97913164
383,-0.01234,0.9789765
384,-0.01232,0.97882026
385,-0.0123,0.97866285
386,-0.01228,0.97850424
387,-0.01226,0.97834456
388,-0.012240000000000001,0.9781836
389,-0.01222,0.97802156
390,-0.012199999999999999,0.97785825
391,-0.01218,0.97769386
392,-0.012159999999999999,0.97752815
393,-0.01214,0.9773612
394,-0.01212,0.97719324
395,-0.0121,0.9770237
396,-0.01208,0.97685313
397,-0.01206,0.97668123
398,-0.01204,0.97650826
399,-0.01202,0.9763338
400,-0.012,0.9761582
401,-0.01198,0.9759812
402,-0.01196,0.97580296
403,-0.01194,0.9756234
404,-0.01192,0.9754426
405,-0.011899999999999999,0.97526044
406,-0.01188,0.97507685
407,-0.011859999999999999,0.97489196
408,-0.01184,0.97470564
409,-0.011819999999999999,0.97451806
410,-0.0118,0.9743292
411,-0.01178,0.9741388
412,-0.01176,0.97394705
413,-0.01174,0.97375387
414,-0.01172,0.97355944
415,-0.0117,0.9733634
416,-0.01168,0.973166
417,-0.01166,0.9729671
418,-0.01164,0.9727668
419,-0.01162,0.972565
420,-0.0116,0.9723618
421,-0.01158,0.97215694
422,-0.011559999999999999,0.9719508
423,-0.01154,0.97174305
424,-0.011519999999999999,0.97153383
425,-0.0115,0.971323
426,-0.011479999999999999,0.9711107
427,-0.01146,0.97089684
428,-0.01144,0.9706814
429,-0.01142,0.9704644
430,-0.0114,0.97024584
431,-0.01138,0.9700256
432,-0.01136,0.96980387
433,-0.01134,0.96958053
434,-0.01132,0.96935546
435,-0.0113,0.96912885
436,-0.01128,0.96890044
437,-0.01126,0.96867055
438,-0.01124,0.96843886
439,-0.011219999999999999,0.9682055
440,-0.0112,0.96797055
441,-0.011179999999999999,0.9677338
442,-0.01116,0.9674953
443,-0.011139999999999999,0.9672551
444,-0.01112,0.9670132
445,-0.0111,0.96676946
446,-0.01108,0.96652406
447,-0.01106,0.9662767
448,-0.01104,0.9660276
449,-0.01102,0.9657769
450,-0.011,0.9655242
451,-0.01098,0.9652696
452,-0.01096,0.9650134
453,-0.01094,0.9647552
454,-0.01092,0.96449506
455,-0.0109,0.96423316
456,-0.010879999999999999,0.96396923
457,-0.01086,0.9637034
458,-0.010839999999999999,0.9634357
459,-0.01082,0.9631661
460,-0.010799999999999999,0.9628945
461,-0.01078,0.962621
462,-0.01076,0.96234536
463,-0.01074,0.96206784
464,-0.01072,0.96178836
465,-0.0107,0.9615069
466,-0.01068,0.9612233
467,-0.01066,0.9609376
468,-0.01064,0.96064985
469,-0.01062,0.9603601
470,-0.0106,0.9600682
471,-0.010579999999999999,0.9597744
472,-0.01056,0.9594782
473,-0.010539999999999999,0.95918
474,-0.01052,0.9588796
475,-0.010499999999999999,0.9585771
476,-0.01048,0.95827234
477,-0.010459999999999999,0.95796555
478,-0.01044,0.9576564
479,-0.01042,0.95734495
480,-0.0104,0.9570314
481,-0.01038,0.9567156
482,-0.01036,0.95639753
483,-0.01034,0.95607716
484,-0.01032,0.9557544
485,-0.0103,0.9554294
486,-0.01028,0.955102
487,-0.01026,0.95477235
488,-0.010239999999999999,0.95444036
489,-0.01022,0.9541059
490,-0.010199999999999999,0.9537691
491,-0.01018,0.9534298
492,-0.010159999999999999,0.95308816
493,-0.01014,0.95274407
494,-0.010119999999999999,0.9523974
495,-0.0101,0.95204836
496,-0.01008,0.95169675
497,-0.01006,0.9513427
498,-0.01004,0.9509861
499,-0.01002,0.9506269
500,-0.01,0.9502652
501,-0.00998,0.9499009
502,-0.00996,0.949534
503,-0.00994,0.94916445
504,-0.00992,0.94879234
505,-0.009899999999999999,0.94841754
506,-0.00988,0.94804007
507,-0.009859999999999999,0.94765985
508,-0.00984,0.94727695
509,-0.009819999999999999,0.94689137
510,-0.0098,0.94650304
511,-0.009779999999999999,0.94611186
512,-0.00976,0.945718
513,-0.00974,0.94532126
514,-0.00972,0.94492185
515,-0.0097,0.9445195
516,-0.00968,0.9441143
517,-0.00966,0.9437062
518,-0.00964,0.94329524
519,-0.00962,0.9428813
520,-0.0096,0.9424646
521,-0.00958,0.9420448
522,-0.009559999999999999,0.9416221
523,-0.00954,0.9411964
524,-0.009519999999999999,0.94076765
525,-0.0095,0.94033587
526,-0.009479999999999999,0.939901
527,-0.00946,0.93946314
528,-0.009439999999999999,0.9390222
529,-0.00942,0.9385781
530,-0.0094,0.93813086
531,-0.00938,0.9376805
532,-0.00936,0.937227
533,-0.00934,0.93677014
534,-0.00932,0.9363103
535,-0.0093,0.93584704
536,-0.00928,0.9353807
537,-0.00926,0.93491083
538,-0.00924,0.9344379
539,-0.009219999999999999,0.93396163
540,-0.0092,0.9334819
541,-0.009179999999999999,0.9329987
542,-0.00916,0.93251234
543,-0.009139999999999999,0.9320225
544,-0.00912,0.9315292
545,-0.009099999999999999,0.93103254
546,-0.00908,0.9305324
547,-0.00906,0.9300286
548,-0.00904,0.9295214
549,-0.00902,0.92901057
550,-0.009,0.92849624
551,-0.00898,0.9279784
552,-0.00896,0.9274568
553,-0.00894,0.9269317
554,-0.008919999999999999,0.92640287
555,-0.0089,0.92587036
556,-0.008879999999999999,0.9253342
557,-0.00886,0.92479426
558,-0.008839999999999999,0.9242506
559,-0.00882,0.92370313
560,-0.008799999999999999,0.92315185
561,-0.00878,0.9225967
562,-0.008759999999999999,0.9220378
563,-0.00874,0.921475
564,-0.00872,0.92090833
565,-0.0087,0.9203378
566,-0.00868,0.9197631
567,-0.00866,0.9191845
568,-0.00864,0.9186021
569,-0.00862,0.91801554
570,-0.0086,0.9174249
571,-0.008579999999999999,0.91683024
572,-0.00856,0.91623145
573,-0.008539999999999999,0.9156286
574,-0.00852,0.91502154
575,-0.008499999999999999,0.9144104
576,-0.00848,0.913795
577,-0.008459999999999999,0.9131753
578,-0.00844,0.91255134
579,-0.008419999999999999,0.9119233
580,-0.0084,0.9112908
581,-0.00838,0.91065395
582,-0.00836,0.9100129
583,-0.00834,0.9093673
584,-0.00832,0.90871745
585,-0.0083,0.908063
586,-0.00828,0.90740407
587,-0.00826,0.9067408
588,-0.008239999999999999,0.906073
589,-0.00822,0.9054005
590,-0.008199999999999999,0.9047236
591,-0.00818,0.90404195
592,-0.008159999999999999,0.9033557
593,-0.00814,0.9026648
594,-0.008119999999999999,0.9019694
595,-0.0081,0.9012691
596,-0.008079999999999999,0.90056396
597,-0.00806,0.8998543
598,-0.00804,0.8991395
599,-0.00802,0.8984203
600,-0.008,0.897696
601,-0.00798,0.8969668
602,-0.00796,0.8962327
603,-0.00794,0.8954937
604,-0.00792,0.8947498
605,-0.007899999999999999,0.89400077
606,-0.00788,0.89324677
607,-0.007859999999999999,0.89248765
608,-0.00784,0.89172345
609,-0.007819999999999999,0.89095426
610,-0.0078,0.8901799
611,-0.007779999999999999,0.8894002
612,-0.0077599999999999995,0.88861537
613,-0.007739999999999999,0.8878252
614,-0.007719999999999999,0.88703
615,-0.0077,0.88622934
616,-0.007679999999999999,0.8854233
617,-0.00766,0.8846121
618,-0.007639999999999999,0.8837953
619,-0.00762,0.88297325
620,-0.007599999999999999,0.8821456
621,-0.00758,0.8813125
622,-0.007559999999999999,0.88047385
623,-0.00754,0.87962973
624,-0.007519999999999999,0.8787801
625,-0.0075,0.8779246
626,-0.007479999999999999,0.8770637
627,-0.00746,0.8761971
628,-0.007439999999999999,0.8753247
629,-0.0074199999999999995,0.87444675
630,-0.007399999999999999,0.8735628
631,-0.007379999999999999,0.8726732
632,-0.00736,0.8717776
633,-0.007339999999999999,0.87087625
634,-0.00732,0.869969
635,-0.007299999999999999,0.8690558
636,-0.00728,0.86813664
637,-0.007259999999999999,0.86721146
638,-0.00724,0.8662804
639,-0.007219999999999999,0.8653431
640,-0.0072,0.8643997
641,-0.007179999999999999,0.86345035
642,-0.00716,0.8624946
643,-0.007139999999999999,0.86153287
644,-0.00712,0.8605649
645,-0.007099999999999999,0.85959065
646,-0.0070799999999999995,0.85861003
647,-0.007059999999999999,0.8576231
648,-0.007039999999999999,0.85662985
649,-0.00702,0.8556302
650,-0.006999999999999999,0.85462403
651,-0.00698,0.85361147
652,-0.006959999999999999,0.8525925
653,-0.00694,0.8515669
654,-0.006919999999999999,0.8505348
655,-0.0069,0.849496
656,-0.006879999999999999,0.84845066
657,-0.00686,0.8473987
658,-0.006839999999999999,0.8463398
659,-0.00682,0.84527445
660,-0.006799999999999999,0.8442024
661,-0.00678,0.8431232
662,-0.006759999999999999,0.8420373
663,-0.0067399999999999995,0.8409447
664,-0.0067199999999999985,0.839845
665,-0.006699999999999999,0.8387385
666,-0.00668,0.83762485
667,-0.006659999999999999,0.8365044
668,-0.00664,0.83537674
669,-0.006619999999999999,0.83424217
670,-0.0066,0.83310044
671,-0.006579999999999999,0.83195156
672,-0.00656,0.83079535
673,-0.006539999999999999,0.82963204
674,-0.00652,0.8284615
675,-0.006499999999999999,0.8272836
676,-0.00648,0.8260984
677,-0.006459999999999999,0.82490593
678,-0.0064399999999999995,0.823706
679,-0.006419999999999999,0.82249856
680,-0.0063999999999999994,0.8212838
681,-0.0063799999999999985,0.82006156
682,-0.006359999999999999,0.81883174
683,-0.00634,0.8175943
684,-0.006319999999999999,0.81634927
685,-0.0063,0.8150967
686,-0.006279999999999999,0.8138363
687,-0.00626,0.8125684
688,-0.006239999999999999,0.8112924
689,-0.00622,0.81000906
690,-0.006199999999999999,0.80871767
691,-0.00618,0.80741864
692,-0.006159999999999999,0.8061115
693,-0.00614,0.8047965
694,-0.006119999999999999,0.8034735
695,-0.0060999999999999995,0.8021426
696,-0.006079999999999999,0.8008037
697,-0.006059999999999999,0.79945666
698,-0.0060399999999999985,0.7981016
699,-0.006019999999999999,0.79673845
700,-0.006,0.7953669
701,-0.005979999999999999,0.7939876
702,-0.00596,0.7925996
703,-0.005939999999999999,0.7912037
704,-0.00592,0.78979915
705,-0.005899999999999999,0.7883866
706,-0.00588,0.78696567
707,-0.005859999999999999,0.78553605
708,-0.00584,0.784098
709,-0.005819999999999999,0.7826518
710,-0.0058,0.781197
711,-0.005779999999999999,0.7797335
712,-0.0057599999999999995,0.7782616
713,-0.005739999999999999,0.77678096
714,-0.005719999999999999,0.77529174
715,-0.0056999999999999985,0.7737938
716,-0.005679999999999999,0.7722872
717,-0.00566,0.7707719
718,-0.005639999999999999,0.76924783
719,-0.00562,0.76771486
720,-0.005599999999999999,0.76617306
721,-0.00558,0.7646224
722,-0.005559999999999999,0.7630629
723,-0.00554,0.76149434
724,-0.005519999999999999,0.75991684
725,-0.0055,0.75833046
726,-0.005479999999999999,0.7567351
727,-0.00546,0.7551304
728,-0.005439999999999999,0.7535169
729,-0.0054199999999999995,0.7518939
730,-0.0053999999999999986,0.750262
731,-0.005379999999999999,0.74862087
732,-0.0053599999999999984,0.74697036
733,-0.005339999999999999,0.7453107
734,-0.00532,0.74364173
735,-0.005299999999999999,0.74196345
736,-0.00528,0.7402758
737,-0.005259999999999999,0.7385788
738,-0.00524,0.7368723
739,-0.005219999999999999,0.73515654
740,-0.0052,0.7334311
741,-0.005179999999999999,0.73169625
742,-0.00516,0.72995204
743,-0.005139999999999999,0.728198
744,-0.0051199999999999996,0.7264344
745,-0.005099999999999999,0.72466135
746,-0.0050799999999999994,0.72287846
747,-0.0050599999999999985,0.72108585
748,-0.005039999999999999,0.7192837
749,-0.005019999999999998,0.71747166
750,-0.004999999999999999,0.7156501
751,-0.00498,0.71381855
752,-0.004959999999999999,0.7119772
753,-0.00494,0.710126
754,-0.004919999999999999,0.708265
755,-0.0049,0.70639384
756,-0.004879999999999999,0.704513
757,-0.00486,0.70262206
758,-0.004839999999999999,0.7007214
759,-0.00482,0.6988105
760,-0.004799999999999999,0.69688964
761,-0.0047799999999999995,0.6949588
762,-0.004759999999999999,0.69301784
763,-0.004739999999999999,0.6910666
764,-0.0047199999999999985,0.68910545
765,-0.004699999999999999,0.68713397
766,-0.004679999999999998,0.68515253
767,-0.004659999999999999,0.6831609
768,-0.004639999999999998,0.68115884
769,-0.004619999999999999,0.6791467
770,-0.0046,0.67712414
771,-0.004579999999999999,0.67509145
772,-0.00456,0.6730485
773,-0.004539999999999999,0.6709949
774,-0.00452,0.66893125
775,-0.004499999999999999,0.6668571
776,-0.00448,0.6647726
777,-0.004459999999999999,0.6626777
778,-0.0044399999999999995,0.6605723
779,-0.004419999999999999,0.6584567
780,-0.004399999999999999,0.6563302
781,-0.0043799999999999985,0.65419364
782,-0.004359999999999999,0.6520463
783,-0.00434,0.6498886
784,-0.0043199999999999975,0.64772034
785,-0.004299999999999998,0.64554155
786,-0.004279999999999999,0.64335215
787,-0.00426,0.64115214
788,-0.004240000000000001,0.6389415
789,-0.004219999999999998,0.6367204
790,-0.004199999999999999,0.6344886
791,-0.00418,0.6322465
792,-0.0041600000000000005,0.62999314
793,-0.004139999999999998,0.62772936
794,-0.004119999999999999,0.6254549
795,-0.0040999999999999995,0.62317014
796,-0.00408,0.62087405
797,-0.004059999999999998,0.6185677
798,-0.0040399999999999985,0.6162505
799,-0.004019999999999999,0.61392254
800,-0.004,0.6115838
801,-0.003979999999999997,0.6092342
802,-0.003959999999999998,0.60687417
803,-0.003939999999999999,0.60450333
804,-0.00392,0.6021216
805,-0.0039000000000000007,0.59972936
806,-0.003879999999999998,0.59732604
807,-0.003859999999999999,0.59491193
808,-0.0038399999999999997,0.592487
809,-0.0038200000000000005,0.59005165
810,-0.003799999999999998,0.5876055
811,-0.0037799999999999986,0.58514816
812,-0.0037599999999999995,0.5826802
813,-0.0037400000000000003,0.58020157
814,-0.0037199999999999976,0.5777118
815,-0.0036999999999999984,0.57521147
816,-0.0036799999999999992,0.57270026
817,-0.00366,0.57017833
818,-0.0036399999999999974,0.5676455
819,-0.0036199999999999982,0.565102
820,-0.003599999999999999,0.56254756
821,-0.00358,0.55998266
822,-0.0035600000000000007,0.5574067
823,-0.003539999999999998,0.55481994
824,-0.003519999999999999,0.55222243
825,-0.0034999999999999996,0.5496142
826,-0.0034800000000000005,0.54699504
827,-0.003459999999999998,0.54436535
828,-0.0034399999999999986,0.5417248
829,-0.0034199999999999994,0.5390737
830,-0.0034000000000000002,0.5364115
831,-0.0033799999999999976,0.5337386
832,-0.0033599999999999984,0.53105515
833,-0.0033399999999999992,0.52836126
834,-0.00332,0.5256566
835,-0.0032999999999999974,0.5229408
836,-0.003279999999999998,0.5202148
837,-0.003259999999999999,0.517478
838,-0.00324,0.51473033
839,-0.0032200000000000006,0.5119725
840,-0.003199999999999998,0.50920373
841,-0.003179999999999999,0.50642455
842,-0.0031599999999999996,0.50363463
843,-0.0031400000000000004,0.50083417
844,-0.0031199999999999978,0.49802324
845,-0.0030999999999999986,0.49520195
846,-0.0030799999999999994,0.49237022
847,-0.0030600000000000002,0.48952767
848,-0.0030399999999999976,0.48667496
849,-0.0030199999999999984,0.4838114
850,-0.002999999999999999,0.4809378
851,-0.00298,0.47805402
852,-0.0029599999999999974,0.47515956
853,-0.002939999999999998,0.47225487
854,-0.002919999999999999,0.46933982
855,-0.0029,0.46641472
856,-0.0028800000000000006,0.463479
857,-0.002859999999999998,0.46053332
858,-0.0028399999999999988,0.45757723
859,-0.0028199999999999996,0.45461124
860,-0.0028000000000000004,0.4516349
861,-0.0027799999999999978,0.44864866
862,-0.0027599999999999986,0.44565246
863,-0.0027399999999999994,0.442646
864,-0.00272,0.43962955
865,-0.0026999999999999975,0.4366034
866,-0.0026799999999999984,0.43356714
867,-0.002659999999999999,0.43052095
868,-0.00264,0.42746508
869,-0.0026199999999999973,0.4243991
870,-0.002599999999999998,0.42132375
871,-0.002579999999999999,0.4182385
872,-0.0025599999999999998,0.41514334
873,-0.0025400000000000006,0.41203883
874,-0.002519999999999998,0.40892467
875,-0.0024999999999999988,0.40580097
876,-0.0024799999999999996,0.40266746
877,-0.0024600000000000004,0.3995251
878,-0.0024399999999999977,0.39637253
879,-0.0024199999999999985,0.39321107
880,-0.0023999999999999994,0.39004034
881,-0.00238,0.3868602
882,-0.0023599999999999975,0.3836706
883,-0.0023399999999999983,0.38047215
884,-0.002319999999999999,0.3772643
885,-0.0023,0.37404755
886,-0.0022799999999999973,0.37082168
887,-0.002259999999999998,0.36758685
888,-0.002239999999999999,0.36434314
889,-0.0022199999999999998,0.36109036
890,-0.0022000000000000006,0.3578288
891,-0.002179999999999998,0.35455883
892,-0.0021599999999999987,0.35127997
893,-0.0021399999999999995,0.34799248
894,-0.0021200000000000004,0.34469613
895,-0.0020999999999999977,0.34139165
896,-0.0020799999999999985,0.33807853
897,-0.0020599999999999993,0.33475706
898,-0.00204,0.331427
899,-0.0020199999999999975,0.328089
900,-0.0019999999999999983,0.3247424
901,-0.001979999999999999,0.32138774
902,-0.00196,0.31802526
903,-0.0019399999999999973,0.31465453
904,-0.001919999999999998,0.311276
905,-0.001899999999999999,0.30788952
906,-0.0018799999999999997,0.30449516
907,-0.0018600000000000005,0.30109316
908,-0.0018399999999999979,0.29768324
909,-0.0018199999999999987,0.29426602
910,-0.0017999999999999995,0.29084092
911,-0.0017800000000000003,0.28740838
912,-0.0017599999999999977,0.28396857
913,-0.0017399999999999985,0.28052145
914,-0.0017199999999999993,0.27706692
915,-0.0017000000000000001,0.27360547
916,-0.0016799999999999975,0.2701368
917,-0.0016599999999999983,0.26666093
918,-0.001639999999999999,0.26317838
919,-0.00162,0.25968862
920,-0.0015999999999999973,0.2561923
921,-0.001579999999999998,0.25268942
922,-0.0015599999999999989,0.2491796
923,-0.0015399999999999997,0.24566332
924,-0.0015200000000000005,0.24214077
925,-0.0014999999999999979,0.23861161
926,-0.0014799999999999987,0.23507592
927,-0.0014599999999999995,0.23153412
928,-0.0014400000000000003,0.2279863
929,-0.0014199999999999977,0.22443244
930,-0.0013999999999999985,0.22087231
931,-0.0013799999999999993,0.21730638
932,-0.00136,0.21373498
933,-0.0013399999999999974,0.2101573
934,-0.0013199999999999983,0.20657441
935,-0.001299999999999999,0.2029857
936,-0.0012799999999999999,0.19939175
937,-0.0012599999999999972,0.1957925
938,-0.001239999999999998,0.19218746
939,-0.0012199999999999989,0.18857768
940,-0.0011999999999999997,0.18496257
941,-0.0011800000000000005,0.18134248
942,-0.0011599999999999978,0.17771763
943,-0.0011399999999999987,0.17408782
944,-0.0011199999999999995,0.17045322
945,-0.0011000000000000003,0.166814
946,-0.0010799999999999976,0.16317031
947,-0.0010599999999999984,0.15952194
948,-0.0010399999999999993,0.15586942
949,-0.00102,0.15221286
950,-0.0009999999999999974,0.14855167
951,-0.0009799999999999982,0.14488652
952,-0.000959999999999999,0.14121735
953,-0.0009399999999999999,0.13754448
954,-0.0009199999999999972,0.13386777
955,-0.000899999999999998,0.13018745
956,-0.0008799999999999988,0.12650302
957,-0.0008599999999999997,0.12281555
958,-0.0008400000000000005,0.11912465
959,-0.0008199999999999978,0.115430504
960,-0.0007999999999999986,0.11173293
961,-0.0007799999999999994,0.108032584
962,-0.0007600000000000003,0.10432902
963,-0.0007399999999999976,0.100622416
964,-0.0007199999999999984,0.09691322
965,-0.0006999999999999992,0.09320146
966,-0.00068,0.08948669
967,-0.0006599999999999974,0.08576983
968,-0.0006399999999999982,0.082050264
969,-0.000619999999999999,0.07832846
970,-0.0005999999999999998,0.0746046
971,-0.0005799999999999972,0.070878804
972,-0.000559999999999998,0.06715071
973,-0.0005399999999999988,0.06342077
974,-0.0005199999999999996,0.059689105
975,-0.0005000000000000004,0.055955857
976,-0.0004799999999999978,0.05222097
977,-0.0004599999999999986,0.048484653
978,-0.0004399999999999994,0.044747025
979,-0.00042000000000000023,0.041008085
980,-0.0003999999999999976,0.037268102
981,-0.0003799999999999984,0.03352639
982,-0.0003599999999999992,0.029784828
983,-0.00034,0.026041836
984,-0.00031999999999999737,0.022298157
985,-0.0002999999999999982,0.018553853
986,-0.000279999999999999,0.014808923
987,-0.0002599999999999998,0.011063814
988,-0.00023999999999999716,0.007318288
989,-0.00021999999999999797,0.0035727024
990,-0.0001999999999999988,-0.0001731515
991,-0.0001799999999999996,-0.003919065
992,-0.00016000000000000042,-0.0076647103
993,-0.00013999999999999777,-0.011410534
994,-0.00011999999999999858,-0.015155464
995,-9.99999999999994e-05,-0.018900156
996,-8.000000000000021e-05,-0.02264461
997,-5.9999999999997555e-05,-0.026388288
998,-3.999999999999837e-05,-0.030130982
999,-1.9999999999999185e-05,-0.03387305
1000,0.0,-0.03761393
1001,2.0000000000002655e-05,-0.04135415
1002,4.000000000000184e-05,-0.045093298
1003,6.0000000000001025e-05,-0.048830777
1004,8.000000000000021e-05,-0.052566826
1005,0.00010000000000000286,-0.056301355
1006,0.00012000000000000205,-0.06003478
1007,0.00014000000000000123,-0.06376642
1008,0.00016000000000000042,-0.06749609
1009,0.0001799999999999996,-0.07122418
1010,0.00020000000000000226,-0.07494977
1011,0.00022000000000000144,-0.07867363
1012,0.00024000000000000063,-0.082395285
1013,0.0002599999999999998,-0.086114556
1014,0.00028000000000000247,-0.08983138
1015,0.00030000000000000165,-0.09354591
1016,0.00032000000000000084,-0.097257465
1017,0.00034,-0.1009669
1018,0.0003600000000000027,-0.10467279
1019,0.00038000000000000186,-0.108376116
1020,0.00040000000000000105,-0.11207685
1021,0.00042000000000000023,-0.11577383
1022,0.0004400000000000029,-0.119467765
1023,0.0004600000000000021,-0.12315866
1024,0.00048000000000000126,-0.12684587
1025,0.0005000000000000004,-0.13052991
1026,0.0005199999999999996,-0.13421011
1027,0.0005400000000000023,-0.1378867
1028,0.0005600000000000015,-0.14155927
1029,0.0005800000000000007,-0.1452283
1030,0.0005999999999999998,-0.14889333
1031,0.0006200000000000025,-0.15255374
1032,0.0006400000000000017,-0.15621048
1033,0.0006600000000000009,-0.15986285
1034,0.00068,-0.16351065
1035,0.0007000000000000027,-0.16715437
1036,0.0007200000000000019,-0.1707933
1037,0.0007400000000000011,-0.1744273
1038,0.0007600000000000003,-0.17805678
1039,0.0007800000000000029,-0.18168136
1040,0.0008000000000000021,-0.18530115
1041,0.0008200000000000013,-0.18891641
1042,0.0008400000000000005,-0.19252536
1043,0.0008599999999999997,-0.19612986
1044,0.0008800000000000023,-0.19972911
1045,0.0009000000000000015,-0.20332298
1046,0.0009200000000000007,-0.206911
1047,0.0009399999999999999,-0.21049383
1048,0.0009600000000000025,-0.21407086
1049,0.0009800000000000017,-0.21764204
1050,0.0010000000000000009,-0.22120726
1051,0.00102,-0.22476727
1052,0.0010400000000000027,-0.22832063
1053,0.001060000000000002,-0.23186803
1054,0.001080000000000001,-0.23540944
1055,0.0011000000000000003,-0.23894444
1056,0.001120000000000003,-0.24247324
1057,0.0011400000000000021,-0.24599585
1058,0.0011600000000000013,-0.24951178
1059,0.0011800000000000005,-0.25302103
1060,0.0011999999999999997,-0.25652367
1061,0.0012200000000000023,-0.26001966
1062,0.0012400000000000015,-0.2635089
1063,0.0012600000000000007,-0.26699108
1064,0.0012799999999999999,-0.27046633
1065,0.0013000000000000025,-0.27393466
1066,0.0013200000000000017,-0.2773958
1067,0.001340000000000001,-0.28084973
1068,0.00136,-0.28429627
1069,0.0013800000000000028,-0.2877357
1070,0.001400000000000002,-0.2911677
1071,0.0014200000000000011,-0.2945922
1072,0.0014400000000000003,-0.298009
1073,0.001460000000000003,-0.30141813
1074,0.0014800000000000021,-0.30481982
1075,0.0015000000000000013,-0.3082139
1076,0.0015200000000000005,-0.31159985
1077,0.0015399999999999997,-0.31497785
1078,0.0015600000000000024,-0.31834823
1079,0.0015800000000000015,-0.32171002
1080,0.0016000000000000007,-0.32506457
1081,0.00162,-0.32841015
1082,0.0016400000000000026,-0.33174786
1083,0.0016600000000000018,-0.33507687
1084,0.001680000000000001,-0.338398
1085,0.0017000000000000001,-0.3417105
1086,0.0017200000000000028,-0.3450148
1087,0.001740000000000002,-0.34831005
1088,0.0017600000000000011,-0.35159743
1089,0.0017800000000000003,-0.3548755
1090,0.001800000000000003,-0.35814503
1091,0.0018200000000000022,-0.36140597
1092,0.0018400000000000014,-0.36465806
1093,0.0018600000000000005,-0.3679012
1094,0.0018799999999999997,-0.37113538
1095,0.0019000000000000024,-0.3743607
1096,0.0019200000000000016,-0.37757683
1097,0.0019400000000000008,-0.3807837
1098,0.00196,-0.38398185
1099,0.0019800000000000026,-0.38717088
1100,0.0020000000000000018,-0.39035022
1101,0.002020000000000001,-0.3935205
1102,0.00204,-0.3966814
1103,0.002060000000000003,-0.39983284
1104,0.002080000000000002,-0.4029752
1105,0.002100000000000001,-0.4061081
1106,0.0021200000000000004,-0.40923074
1107,0.002140000000000003,-0.4123444
1108,0.002160000000000002,-0.41544834
1109,0.0021800000000000014,-0.41854277
1110,0.0022000000000000006,-0.42162716
1111,0.0022199999999999998,-0.4247023
1112,0.0022400000000000024,-0.4277672
1113,0.0022600000000000016,-0.43082267
1114,0.0022800000000000008,-0.43386787
1115,0.0023,-0.43690348
1116,0.0023200000000000026,-0.43992928
1117,0.002340000000000002,-0.44294488
1118,0.002360000000000001,-0.44595057
1119,0.00238,-0.44894633
1120,0.002400000000000003,-0.45193192
1121,0.002420000000000002,-0.4549073
1122,0.002440000000000001,-0.4578727
1123,0.0024600000000000004,-0.46082777
1124,0.002480000000000003,-0.463773
1125,0.0025000000000000022,-0.4667076
1126,0.0025200000000000014,-0.46963224
1127,0.0025400000000000006,-0.47254646
1128,0.0025599999999999998,-0.4754505
1129,0.0025800000000000024,-0.47834408
1130,0.0026000000000000016,-0.48122737
1131,0.002620000000000001,-0.48410052
1132,0.00264,-0.48696288
1133,0.0026600000000000026,-0.4898149
1134,0.002680000000000002,-0.49265638
1135,0.002700000000000001,-0.4954877
1136,0.00272,-0.49830848
1137,0.002740000000000003,-0.50111866
1138,0.002760000000000002,-0.5039182
1139,0.0027800000000000012,-0.50670725
1140,0.0028000000000000004,-0.5094856
1141,0.002820000000000003,-0.51225376
1142,0.0028400000000000022,-0.5150109
1143,0.0028600000000000014,-0.51775753
1144,0.0028800000000000006,-0.52049357
1145,0.0029,-0.523219
1146,0.0029200000000000025,-0.5259338
1147,0.0029400000000000016,-0.52863795
1148,0.002960000000000001,-0.53133106
1149,0.00298,-0.5340138
1150,0.0030000000000000027,-0.53668565
1151,0.003020000000000002,-0.53934693
1152,0.003040000000000001,-0.5419974
1153,0.0030600000000000002,-0.54463726
1154,0.003080000000000003,-0.547266
1155,0.003100000000000002,-0.5498842
1156,0.0031200000000000012,-0.55249184
1157,0.0031400000000000004,-0.55508846
1158,0.003160000000000003,-0.5576745
1159,0.0031800000000000023,-0.56024957
1160,0.0032000000000000015,-0.562814
1161,0.0032200000000000006,-0.5653672
1162,0.00324,-0.56791013
1163,0.0032600000000000025,-0.5704421
1164,0.0032800000000000017,-0.57296324
1165,0.003300000000000001,-0.57547355
1166,0.00332,-0.57797325
1167,0.0033400000000000027,-0.58046156
1168,0.003360000000000002,-0.58293957
1169,0.003380000000000001,-0.5854069
1170,0.0034000000000000002,-0.58786315
1171,0.003420000000000003,-0.5903088
1172,0.003440000000000002,-0.5927434
1173,0.0034600000000000013,-0.59516734
1174,0.0034800000000000005,-0.5975805
1175,0.003500000000000003,-0.599983
1176,0.0035200000000000023,-0.60237455
1177,0.0035400000000000015,-0.6047553
1178,0.0035600000000000007,-0.6071255
1179,0.00358,-0.6094848
1180,0.0036000000000000025,-0.6118333
1181,0.0036200000000000017,-0.614171
1182,0.003640000000000001,-0.6164983
1183,0.00366,-0.61881435
1184,0.0036800000000000027,-0.6211202
1185,0.003700000000000002,-0.62341523
1186,0.003720000000000001,-0.6256994
1187,0.0037400000000000003,-0.62797296
1188,0.003760000000000003,-0.6302358
1189,0.003780000000000002,-0.63248825
1190,0.0038000000000000013,-0.6347296
1191,0.0038200000000000005,-0.6369606
1192,0.003840000000000003,-0.6391809
1193,0.0038600000000000023,-0.64139044
1194,0.0038800000000000015,-0.6435897
1195,0.0039000000000000007,-0.6457782
1196,0.00392,-0.6479561
1197,0.0039400000000000025,-0.6501237
1198,0.003960000000000002,-0.65228057
1199,0.003980000000000001,-0.6544269
1200,0.004,-0.6565629
1201,0.004020000000000003,-0.6586881
1202,0.004040000000000002,-0.66080314
1203,0.004060000000000001,-0.6629075
1204,0.00408,-0.66500163
1205,0.004100000000000003,-0.66708523
1206,0.004120000000000002,-0.6691585
1207,0.004140000000000001,-0.6712214
1208,0.0041600000000000005,-0.6732738
1209,0.004180000000000003,-0.6753162
1210,0.004200000000000002,-0.6773481
1211,0.0042200000000000015,-0.6793696
1212,0.004240000000000001,-0.68138105
1213,0.00426,-0.68338203
1214,0.0042800000000000026,-0.6853729
1215,0.004300000000000002,-0.6873536
1216,0.004320000000000001,-0.68932414
1217,0.00434,-0.6912844
1218,0.004360000000000003,-0.6932347
1219,0.004380000000000002,-0.6951749
1220,0.004400000000000001,-0.6971047
1221,0.00442,-0.69902486
1222,0.004440000000000003,-0.70093477
1223,0.004460000000000002,-0.7028348
1224,0.004480000000000001,-0.7047249
1225,0.0045000000000000005,-0.7066048
1226,0.004520000000000003,-0.70847493
1227,0.004540000000000002,-0.71033514
1228,0.0045600000000000016,-0.7121853
1229,0.004580000000000001,-0.7140259
1230,0.0046,-0.7158566
1231,0.004620000000000003,-0.71767724
1232,0.004640000000000002,-0.71948856
1233,0.004660000000000001,-0.72129
1234,0.00468,-0.7230816
1235,0.004700000000000003,-0.7248636
1236,0.004720000000000002,-0.7266358
1237,0.004740000000000001,-0.7283987
1238,0.00476,-0.7301517
1239,0.004780000000000003,-0.7318952
1240,0.004800000000000002,-0.73362935
1241,0.004820000000000001,-0.7353537
1242,0.0048400000000000006,-0.73706883
1243,0.004860000000000003,-0.7387745
1244,0.004880000000000002,-0.7404706
1245,0.004900000000000002,-0.74215746
1246,0.004920000000000001,-0.74383485
1247,0.00494,-0.74550307
1248,0.004960000000000003,-0.74716187
1249,0.004980000000000002,-0.74881136
1250,0.005000000000000001,-0.7504517
1251,0.00502,-0.7520828
1252,0.005040000000000003,-0.75370485
1253,0.005060000000000002,-0.7553177
1254,0.005080000000000001,-0.75692147
1255,0.0051,-0.75851613
1256,0.005120000000000003,-0.7601017
1257,0.005140000000000002,-0.7616783
1258,0.005160000000000001,-0.76324594
1259,0.005180000000000001,-0.7648047
1260,0.005200000000000003,-0.76635444
1261,0.005220000000000002,-0.7678955
1262,0.005240000000000002,-0.76942766
1263,0.005260000000000001,-0.77095085
1264,0.00528,-0.77246547
1265,0.005300000000000003,-0.77397126
1266,0.005320000000000002,-0.77546823
1267,0.005340000000000001,-0.7769567
1268,0.00536,-0.7784363
1269,0.005380000000000003,-0.77990764
1270,0.005400000000000002,-0.78137016
1271,0.005420000000000001,-0.7828243
1272,0.00544,-0.78426987
1273,0.005460000000000003,-0.785707
1274,0.005480000000000002,-0.7871356
1275,0.005500000000000001,-0.7885558
1276,0.005520000000000001,-0.7899678
1277,0.005540000000000003,-0.7913713
1278,0.0055600000000000024,-0.7927667
1279,0.005580000000000002,-0.7941537
1280,0.005600000000000001,-0.79553235
1281,0.00562,-0.79690295
1282,0.005640000000000003,-0.7982653
1283,0.005660000000000002,-0.7996196
1284,0.005680000000000001,-0.80096585
1285,0.0057,-0.80230415
1286,0.005720000000000003,-0.80363417
1287,0.005740000000000002,-0.80495644
1288,0.005760000000000001,-0.8062705
1289,0.00578,-0.8075768
1290,0.005800000000000003,-0.8088752
1291,0.005820000000000002,-0.8101659
1292,0.0058400000000000014,-0.81144863
1293,0.005860000000000001,-0.8127236
1294,0.005880000000000003,-0.8139909
1295,0.0059000000000000025,-0.81525046
1296,0.005920000000000002,-0.8165023
1297,0.005940000000000001,-0.8177465
1298,0.00596,-0.8189831
1299,0.005980000000000003,-0.8202122
1300,0.006000000000000002,-0.8214339
1301,0.006020000000000001,-0.82264787
1302,0.00604,-0.82385457
1303,0.006060000000000003,-0.8250537
1304,0.006080000000000002,-0.8262455
1305,0.006100000000000001,-0.82742983
1306,0.0061200000000000004,-0.828607
1307,0.006140000000000003,-0.8297768
1308,0.006160000000000002,-0.8309395
1309,0.0061800000000000015,-0.8320947
1310,0.006200000000000001,-0.83324295
1311,0.006220000000000003,-0.834384
1312,0.0062400000000000025,-0.83551794
1313,0.006260000000000002,-0.8366449
1314,0.006280000000000001,-0.8377647
1315,0.0063,-0.83887756
1316,0.006320000000000003,-0.83998334
1317,0.006340000000000002,-0.84108233
1318,0.006360000000000001,-0.84217435
1319,0.00638,-0.84325945
1320,0.006400000000000003,-0.84433776
1321,0.006420000000000002,-0.84540933
1322,0.006440000000000001,-0.846474
1323,0.0064600000000000005,-0.8475321
1324,0.006480000000000003,-0.84858346
1325,0.006500000000000002,-0.8496281
1326,0.0065200000000000015,-0.85066617
1327,0.006540000000000001,-0.85169756
1328,0.006560000000000003,-0.8527224
1329,0.0065800000000000025,-0.8537408
1330,0.006600000000000002,-0.8547527
1331,0.006620000000000001,-0.8557581
1332,0.00664,-0.85675687
1333,0.006660000000000003,-0.8577496
1334,0.006680000000000002,-0.858736
1335,0.006700000000000001,-0.8597158
1336,0.00672,-0.8606894
1337,0.006740000000000003,-0.8616568
1338,0.006760000000000002,-0.862618
1339,0.006780000000000001,-0.8635729
1340,0.0068000000000000005,-0.8645218
1341,0.006820000000000003,-0.86546427
1342,0.006840000000000002,-0.86640096
1343,0.0068600000000000015,-0.86733145
1344,0.006880000000000001,-0.86825603
1345,0.006900000000000003,-0.8691745
1346,0.0069200000000000025,-0.87008715
1347,0.006940000000000002,-0.8709937
1348,0.006960000000000001,-0.8718944
1349,0.00698,-0.8727893
1350,0.007000000000000003,-0.8736783
1351,0.007020000000000002,-0.87456155
1352,0.007040000000000001,-0.875439
1353,0.00706,-0.8763107
1354,0.007080000000000003,-0.87717676
1355,0.007100000000000002,-0.8780371
1356,0.007120000000000001,-0.8788918
1357,0.0071400000000000005,-0.87974095
1358,0.007160000000000003,-0.8805845
1359,0.007180000000000002,-0.8814226
1360,0.0072000000000000015,-0.88225496
1361,0.007220000000000001,-0.88308203
1362,0.007240000000000003,-0.8839035
1363,0.0072600000000000026,-0.8847196
1364,0.007280000000000002,-0.8855303
1365,0.007300000000000001,-0.8863357
1366,0.00732,-0.88713574
1367,0.007340000000000003,-0.8879305
1368,0.007360000000000002,-0.88872
1369,0.007380000000000001,-0.8895043
1370,0.0074,-0.8902833
1371,0.007420000000000003,-0.89105713
1372,0.007440000000000002,-0.8918258
1373,0.007460000000000001,-0.8925894
1374,0.0074800000000000005,-0.8933479
1375,0.007500000000000003,-0.8941013
1376,0.007520000000000002,-0.89484984
1377,0.0075400000000000016,-0.8955932
1378,0.007560000000000001,-0.8963316
1379,0.007580000000000003,-0.8970652
1380,0.007600000000000003,-0.8977938
1381,0.007620000000000002,-0.89851743
1382,0.007640000000000001,-0.8992364
1383,0.00766,-0.89995027
1384,0.007680000000000003,-0.9006596
1385,0.007700000000000002,-0.9013641
1386,0.007720000000000001,-0.90206385
1387,0.00774,-0.9027588
1388,0.007760000000000003,-0.9034491
1389,0.007780000000000002,-0.90413487
1390,0.007800000000000001,-0.9048159
1391,0.00782,-0.90549237
1392,0.007840000000000003,-0.90616417
1393,0.007860000000000002,-0.9068315
1394,0.007880000000000002,-0.9074944
1395,0.0079,-0.9081527
1396,0.007920000000000003,-0.9088066
1397,0.007940000000000003,-0.909456
1398,0.007960000000000002,-0.910101
1399,0.007980000000000001,-0.9107418
1400,0.008,-0.911378
1401,0.008020000000000003,-0.91201
1402,0.008040000000000002,-0.9126376
1403,0.008060000000000001,-0.9132609
1404,0.00808,-0.91388005
1405,0.008100000000000003,-0.9144951
1406,0.008120000000000002,-0.9151058
1407,0.008140000000000001,-0.91571236
1408,0.00816,-0.91631466
1409,0.008180000000000003,-0.916913
1410,0.008200000000000002,-0.9175072
1411,0.008220000000000002,-0.9180973
1412,0.00824,-0.9186833
1413,0.008260000000000003,-0.91926545
1414,0.008280000000000003,-0.91984344
1415,0.008300000000000002,-0.9204174
1416,0.008320000000000001,-0.9209878
1417,0.00834,-0.92155397
1418,0.008360000000000003,-0.9221164
1419,0.008380000000000002,-0.9226748
1420,0.008400000000000001,-0.92322934
1421,0.00842,-0.92378014
1422,0.008440000000000003,-0.92432714
1423,0.008460000000000002,-0.9248705
1424,0.008480000000000001,-0.9254099
1425,0.0085,-0.92594564
1426,0.008520000000000003,-0.9264777
1427,0.008540000000000002,-0.92700607
1428,0.008560000000000002,-0.9275308
1429,0.00858,-0.92805195
1430,0.008600000000000003,-0.9285694
1431,0.008620000000000003,-0.9290833
1432,0.008640000000000002,-0.9295936
1433,0.008660000000000001,-0.9301003
1434,0.00868,-0.9306036
1435,0.008700000000000003,-0.9311034
1436,0.008720000000000002,-0.9315998
1437,0.008740000000000001,-0.9320926
1438,0.00876,-0.932582
1439,0.008780000000000003,-0.9330681
1440,0.008800000000000002,-0.9335507
1441,0.008820000000000001,-0.93402994
1442,0.00884,-0.9345059
1443,0.008860000000000003,-0.9349785
1444,0.008880000000000002,-0.93544775
1445,0.008900000000000002,-0.93591386
1446,0.00892,-0.9363766
1447,0.008940000000000003,-0.93683624
1448,0.008960000000000003,-0.9372925
1449,0.008980000000000002,-0.93774563
1450,0.009000000000000001,-0.9381957
1451,0.00902,-0.9386425
1452,0.009040000000000003,-0.9390862
1453,0.009060000000000002,-0.93952674
1454,0.009080000000000001,-0.9399643
1455,0.0091,-0.94039875
1456,0.009120000000000003,-0.94083005
1457,0.009140000000000002,-0.94125843
1458,0.009160000000000001,-0.94168377
1459,0.00918,-0.9421062
1460,0.009200000000000003,-0.9425255
1461,0.009220000000000002,-0.942942
1462,0.009240000000000002,-0.9433554
1463,0.009260000000000001,-0.94376606
1464,0.009280000000000004,-0.9441737
1465,0.009300000000000003,-0.9445786
1466,0.009320000000000002,-0.9449806
1467,0.009340000000000001,-0.9453798
1468,0.00936,-0.9457761
1469,0.009380000000000003,-0.94616956
1470,0.009400000000000002,-0.9465603
1471,0.009420000000000001,-0.9469484
1472,0.00944,-0.94733363
1473,0.009460000000000003,-0.9477161
1474,0.009480000000000002,-0.9480959
1475,0.009500000000000001,-0.9484731
1476,0.00952,-0.9488476
1477,0.009540000000000003,-0.9492194
1478,0.009560000000000003,-0.9495886
1479,0.009580000000000002,-0.9499551
1480,0.009600000000000001,-0.9503191
1481,0.009620000000000004,-0.9506805
1482,0.009640000000000003,-0.9510394
1483,0.009660000000000002,-0.9513956
1484,0.009680000000000001,-0.9517494
1485,0.0097,-0.95210063
1486,0.009720000000000003,-0.9524493
1487,0.009740000000000002,-0.9527956
1488,0.009760000000000001,-0.9531395
1489,0.00978,-0.9534807
1490,0.009800000000000003,-0.95381975
1491,0.009820000000000002,-0.9541562
1492,0.009840000000000002,-0.9544903
1493,0.00986,-0.954822
1494,0.009880000000000003,-0.95515144
1495,0.009900000000000003,-0.9554785
1496,0.009920000000000002,-0.9558032
1497,0.009940000000000001,-0.95612556
1498,0.009960000000000004,-0.95644563
1499,0.009980000000000003,-0.9567635
1500,0.010000000000000002,-0.95707905
1501,0.010020000000000001,-0.9573923
1502,0.01004,-0.95770335
1503,0.010060000000000003,-0.9580123
1504,0.010080000000000002,-0.95831877
1505,0.010100000000000001,-0.9586231
1506,0.01012,-0.9589254
1507,0.010140000000000003,-0.95922554
1508,0.010160000000000002,-0.9595235
1509,0.010180000000000002,-0.9598192
1510,0.0102,-0.9601129
1511,0.010220000000000003,-0.96040446
1512,0.010240000000000003,-0.960694
1513,0.010260000000000002,-0.9609815
1514,0.010280000000000001,-0.9612668
1515,0.010300000000000004,-0.96155006
1516,0.010320000000000003,-0.96183133
1517,0.010340000000000002,-0.9621106
1518,0.010360000000000001,-0.9623879
1519,0.01038,-0.9626631
1520,0.010400000000000003,-0.9629364
1521,0.010420000000000002,-0.9632078
1522,0.010440000000000001,-0.96347713
1523,0.01046,-0.9637445
1524,0.010480000000000003,-0.96401006
1525,0.010500000000000002,-0.96427375
1526,0.010520000000000002,-0.9645354
1527,0.01054,-0.96479523
1528,0.010560000000000003,-0.9650532
1529,0.010580000000000003,-0.9653093
1530,0.010600000000000002,-0.9655636
1531,0.010620000000000001,-0.96581596
1532,0.010640000000000004,-0.9660666
1533,0.010660000000000003,-0.9663153
1534,0.010680000000000002,-0.96656233
1535,0.010700000000000001,-0.9668076
1536,0.010720000000000004,-0.967051
1537,0.010740000000000003,-0.9672927
1538,0.010760000000000002,-0.96753263
1539,0.010780000000000001,-0.9677709
1540,0.0108,-0.96800745
1541,0.010820000000000003,-0.96824217
1542,0.010840000000000002,-0.96847534
1543,0.010860000000000002,-0.9687068
1544,0.01088,-0.96893644
1545,0.010900000000000003,-0.9691646
1546,0.010920000000000003,-0.96939105
1547,0.010940000000000002,-0.9696157
1548,0.010960000000000001,-0.96983886
1549,0.010980000000000004,-0.97006047
1550,0.011000000000000003,-0.97028035
1551,0.011020000000000002,-0.97049874
1552,0.011040000000000001,-0.9707155
1553,0.011060000000000004,-0.9709308
1554,0.011080000000000003,-0.9711444
1555,0.011100000000000002,-0.9713566
1556,0.011120000000000001,-0.9715671
1557,0.01114,-0.9717762
1558,0.011160000000000003,-0.9719837
1559,0.011180000000000002,-0.97218966
1560,0.011200000000000002,-0.9723942
1561,0.01122,-0.9725973
1562,0.011240000000000003,-0.9727988
1563,0.011260000000000003,-0.972999
1564,0.011280000000000002,-0.97319764
1565,0.011300000000000001,-0.97339475
1566,0.01132,-0.97359055
1567,0.01134,-0.973785
1568,0.011360000000000006,-0.9739779
1569,0.011380000000000005,-0.9741694
1570,0.011400000000000004,-0.9743595
1571,0.011420000000000003,-0.9745483
1572,0.011440000000000002,-0.9747357
1573,0.011460000000000001,-0.9749218
1574,0.01148,-0.9751064
1575,0.0115,-0.9752897
1576,0.011519999999999999,-0.97547185
1577,0.011540000000000005,-0.97565246
1578,0.011560000000000004,-0.9758318
1579,0.011580000000000003,-0.97600985
1580,0.011600000000000003,-0.97618663
1581,0.011620000000000002,-0.9763621
1582,0.011640000000000001,-0.97653633
1583,0.01166,-0.97670925
1584,0.01168,-0.97688097
1585,0.011700000000000006,-0.9770513
1586,0.011720000000000005,-0.9772205
1587,0.011740000000000004,-0.9773885
1588,0.011760000000000003,-0.97755516
1589,0.011780000000000002,-0.97772074
1590,0.011800000000000001,-0.977885
1591,0.01182,-0.9780481
1592,0.01184,-0.97821
1593,0.011859999999999999,-0.9783707
1594,0.011880000000000005,-0.9785302
1595,0.011900000000000004,-0.9786887
1596,0.011920000000000004,-0.97884595
1597,0.011940000000000003,-0.97900194
1598,0.011960000000000002,-0.979157
1599,0.011980000000000001,-0.97931075
1600,0.012,-0.97946346
1601,0.01202,-0.97961503
1602,0.012040000000000006,-0.9797655
1603,0.012060000000000005,-0.9799149
1604,0.012080000000000004,-0.9800631
1605,0.012100000000000003,-0.98021036
1606,0.012120000000000002,-0.9803564
1607,0.012140000000000001,-0.9805015
1608,0.01216,-0.9806454
1609,0.01218,-0.9807884
1610,0.012199999999999999,-0.9809302
1611,0.012220000000000005,-0.9810711
1612,0.012240000000000004,-0.981211
1613,0.012260000000000004,-0.9813497
1614,0.012280000000000003,-0.9814875
1615,0.012300000000000002,-0.9816243
1616,0.012320000000000001,-0.9817601
1617,0.01234,-0.9818948
1618,0.01236,-0.9820287
1619,0.012380000000000006,-0.98216146
1620,0.012400000000000005,-0.9822933
1621,0.012420000000000004,-0.9824242
1622,0.012440000000000003,-0.9825541
1623,0.012460000000000002,-0.98268306
1624,0.012480000000000002,-0.98281103
1625,0.0125,-0.9829382
1626,0.01252,-0.98306423
1627,0.012539999999999999,-0.98318946
1628,0.012560000000000005,-0.98331374
1629,0.012580000000000004,-0.98343724
1630,0.012600000000000004,-0.9835597
1631,0.012620000000000003,-0.98368126
1632,0.012640000000000002,-0.9838019
1633,0.012660000000000001,-0.9839217
1634,0.01268,-0.9840407
1635,0.0127,-0.98415875
1636,0.012720000000000006,-0.9842759
1637,0.012740000000000005,-0.9843923
1638,0.012760000000000004,-0.9845078
1639,0.012780000000000003,-0.9846224
1640,0.012800000000000002,-0.98473614
1641,0.012820000000000002,-0.9848491
1642,0.01284,-0.9849613
1643,0.01286,-0.98507255
1644,0.012879999999999999,-0.98518294
1645,0.012900000000000005,-0.9852927
1646,0.012920000000000004,-0.9854015
1647,0.012940000000000004,-0.9855095
1648,0.012960000000000003,-0.9856168
1649,0.012980000000000002,-0.9857234
1650,0.013000000000000001,-0.985829
1651,0.01302,-0.98593396
1652,0.01304,-0.98603815
1653,0.013060000000000006,-0.98614144
1654,0.013080000000000005,-0.9862441
1655,0.013100000000000004,-0.98634595
1656,0.013120000000000003,-0.98644704
1657,0.013140000000000002,-0.9865474
1658,0.013160000000000002,-0.98664707
1659,0.01318,-0.98674595
1660,0.0132,-0.98684406
1661,0.013219999999999999,-0.9869415
1662,0.013240000000000005,-0.9870383
1663,0.013260000000000004,-0.9871343
1664,0.013280000000000004,-0.9872297
1665,0.013300000000000003,-0.98732424
1666,0.013320000000000002,-0.9874182
1667,0.013340000000000001,-0.9875114
1668,0.01336,-0.98760396
1669,0.01338,-0.9876958
1670,0.013400000000000006,-0.9877869
1671,0.013420000000000005,-0.9878775
1672,0.013440000000000004,-0.9879673
1673,0.013460000000000003,-0.9880565
1674,0.013480000000000002,-0.98814505
1675,0.013500000000000002,-0.9882329
1676,0.01352,-0.9883201
1677,0.01354,-0.9884067
1678,0.01356,-0.98849267
1679,0.013580000000000005,-0.98857796
1680,0.013600000000000004,-0.9886626
1681,0.013620000000000004,-0.98874664
1682,0.013640000000000003,-0.9888301
1683,0.013660000000000002,-0.9889129
1684,0.013680000000000001,-0.98899513
1685,0.0137,-0.98907673
1686,0.01372,-0.98915774
1687,0.013740000000000006,-0.98923814
1688,0.013760000000000005,-0.98931795
1689,0.013780000000000004,-0.9893971
1690,0.013800000000000003,-0.9894758
1691,0.013820000000000002,-0.98955387
1692,0.013840000000000002,-0.9896313
1693,0.01386,-0.9897082
1694,0.01388,-0.98978454
1695,0.0139,-0.98986036
1696,0.013920000000000005,-0.9899356
1697,0.013940000000000004,-0.99001026
1698,0.013960000000000004,-0.9900844
1699,0.013980000000000003,-0.99015796
1700,0.014000000000000002,-0.9902309
1701,0.014020000000000001,-0.9903034
1702,0.01404,-0.99037534
1703,0.01406,-0.99044687
1704,0.014080000000000006,-0.9905177
1705,0.014100000000000005,-0.990588
1706,0.014120000000000004,-0.99065787
1707,0.014140000000000003,-0.9907272
1708,0.014160000000000002,-0.990796
1709,0.014180000000000002,-0.9908643
1710,0.0142,-0.99093217
1711,0.01422,-0.99099946
1712,0.01424,-0.99106616
1713,0.014260000000000005,-0.9911325
1714,0.014280000000000004,-0.99119836
1715,0.014300000000000004,-0.99126375
1716,0.014320000000000003,-0.99132854
1717,0.014340000000000002,-0.9913929
1718,0.014360000000000001,-0.99145687
1719,0.01438,-0.9915202
1720,0.0144,-0.99158317
1721,0.014420000000000006,-0.9916457
1722,0.014440000000000005,-0.9917077
1723,0.014460000000000004,-0.99176925
1724,0.014480000000000003,-0.9918304
1725,0.014500000000000002,-0.99189097
1726,0.014520000000000002,-0.9919513
1727,0.01454,-0.992011
1728,0.01456,-0.9920704
1729,0.01458,-0.9921292
1730,0.014600000000000005,-0.99218774
1731,0.014620000000000005,-0.9922457
1732,0.014640000000000004,-0.99230325
1733,0.014660000000000003,-0.9923605
1734,0.014680000000000002,-0.9924172
1735,0.014700000000000001,-0.99247354
1736,0.01472,-0.99252945
1737,0.01474,-0.9925849
1738,0.014760000000000006,-0.9926399
1739,0.014780000000000005,-0.9926946
1740,0.014800000000000004,-0.99274886
1741,0.014820000000000003,-0.99280274
1742,0.014840000000000002,-0.9928562
1743,0.014860000000000002,-0.9929093
1744,0.01488,-0.99296206
1745,0.0149,-0.99301434
1746,0.01492,-0.99306613
1747,0.014940000000000005,-0.99311763
1748,0.014960000000000005,-0.9931688
1749,0.014980000000000004,-0.9932195
1750,0.015000000000000003,-0.9932699
1751,0.015020000000000002,-0.99332
1752,0.015040000000000001,-0.99336964
1753,0.01506,-0.99341875
1754,0.01508,-0.9934677
1755,0.015100000000000006,-0.9935163
1756,0.015120000000000005,-0.9935644
1757,0.015140000000000004,-0.99361223
1758,0.015160000000000003,-0.99365973
1759,0.015180000000000003,-0.9937069
1760,0.015200000000000002,-0.9937536
1761,0.015220000000000001,-0.99380004
1762,0.01524,-0.9938461
1763,0.01526,-0.99389184
1764,0.015280000000000005,-0.99393725
1765,0.015300000000000005,-0.9939823
1766,0.015320000000000004,-0.994027
1767,0.015340000000000003,-0.9940714
1768,0.015360000000000002,-0.9941155
1769,0.015380000000000001,-0.9941592
1770,0.0154,-0.9942027
1771,0.01542,-0.9942458
1772,0.015440000000000006,-0.99428856
1773,0.015460000000000005,-0.99433094
1774,0.015480000000000004,-0.99437314
1775,0.015500000000000003,-0.9944149
1776,0.015520000000000003,-0.9944564
1777,0.015540000000000002,-0.9944977
1778,0.015560000000000001,-0.9945386
1779,0.01558,-0.99457926
1780,0.0156,-0.9946195
1781,0.015620000000000005,-0.9946596
1782,0.015640000000000005,-0.9946992
1783,0.015660000000000004,-0.99473864
1784,0.015680000000000003,-0.9947777
1785,0.015700000000000002,-0.9948166
1786,0.01572,-0.99485517
1787,0.01574,-0.9948934
1788,0.01576,-0.99493134
1789,0.015780000000000006,-0.994969
1790,0.015800000000000005,-0.9950047
1791,0.015820000000000004,-0.99504006
1792,0.015840000000000003,-0.99507535
1793,0.015860000000000003,-0.99511033
1794,0.015880000000000002,-0.99514496
1795,0.0159,-0.9951796
1796,0.01592,-0.99521375
1797,0.01594,-0.9952477
1798,0.015960000000000005,-0.9952816
1799,0.015980000000000005,-0.9953151
1800,0.016000000000000004,-0.99534833
1801,0.016020000000000003,-0.9953814
1802,0.016040000000000002,-0.99541414
1803,0.01606,-0.9954468
1804,0.01608,-0.9954791
1805,0.0161,-0.9955111
1806,0.016120000000000006,-0.995543
1807,0.016140000000000005,-0.9955747
1808,0.016160000000000004,-0.9956062
1809,0.016180000000000003,-0.99563736
1810,0.016200000000000003,-0.9956684
1811,0.016220000000000002,-0.99569905
1812,0.01624,-0.9957296
1813,0.01626,-0.99575996
1814,0.01628,-0.9957901
1815,0.016300000000000005,-0.99582005
1816,0.016320000000000005,-0.99584967
1817,0.016340000000000004,-0.9958792
1818,0.016360000000000003,-0.99590856
1819,0.016380000000000002,-0.9959376
1820,0.0164,-0.99596643
1821,0.01642,-0.99599516
1822,0.01644,-0.99602354
1823,0.016460000000000006,-0.9960518
1824,0.016480000000000005,-0.99607974
1825,0.016500000000000004,-0.99610764
1826,0.016520000000000003,-0.9961353
1827,0.016540000000000003,-0.9961628
1828,0.016560000000000002,-0.99619
1829,0.01658,-0.9962172
1830,0.0166,-0.996244
1831,0.01662,-0.9962707
1832,0.016640000000000005,-0.9962971
1833,0.016660000000000005,-0.99632347
1834,0.016680000000000004,-0.9963496
1835,0.016700000000000003,-0.99637556
1836,0.016720000000000002,-0.9964013
1837,0.01674,-0.99642694
1838,0.01676,-0.9964524
1839,0.01678,-0.99647754
1840,0.016800000000000006,-0.9965026
1841,0.016820000000000005,-0.9965274
1842,0.016840000000000004,-0.9965521
1843,0.016860000000000003,-0.9965766
1844,0.016880000000000003,-0.996601
1845,0.016900000000000002,-0.99662507
1846,0.01692,-0.99664897
1847,0.01694,-0.9966728
1848,0.01696,-0.9966965
1849,0.016980000000000006,-0.99671996
1850,0.017000000000000005,-0.9967433
1851,0.017020000000000004,-0.99676645
1852,0.017040000000000003,-0.99678946
1853,0.017060000000000002,-0.9968123
1854,0.01708,-0.9968348
1855,0.0171,-0.99685735
1856,0.01712,-0.9968797
1857,0.017140000000000006,-0.9969019
1858,0.017160000000000005,-0.99692386
1859,0.017180000000000004,-0.99694574
1860,0.017200000000000003,-0.9969675
1861,0.017220000000000003,-0.99698895
1862,0.017240000000000002,-0.9970104
1863,0.01726,-0.99703175
1864,0.01728,-0.9970527
1865,0.0173,-0.99707377
1866,0.017320000000000006,-0.99709356
1867,0.017340000000000005,-0.9971133
1868,0.017360000000000004,-0.9971327
1869,0.017380000000000003,-0.99715215
1870,0.017400000000000002,-0.99717134
1871,0.01742,-0.99719054
1872,0.01744,-0.9972095
1873,0.01746,-0.99722826
1874,0.017480000000000006,-0.99724704
1875,0.017500000000000005,-0.9972657
1876,0.017520000000000004,-0.9972843
1877,0.017540000000000004,-0.9973026
1878,0.017560000000000003,-0.9973208
1879,0.017580000000000002,-0.997339
1880,0.0176,-0.9973569
1881,0.01762,-0.9973748
1882,0.01764,-0.9973926
1883,0.017660000000000006,-0.99741024
1884,0.017680000000000005,-0.99742764
1885,0.017700000000000004,-0.9974451
1886,0.017720000000000003,-0.9974623
1887,0.017740000000000002,-0.9974795
1888,0.01776,-0.9974965
1889,0.01778,-0.9975135
1890,0.0178,-0.9975304
1891,0.017820000000000006,-0.997547
1892,0.017840000000000005,-0.99756366
1893,0.017860000000000004,-0.99758
1894,0.017880000000000004,-0.9975965
1895,0.017900000000000003,-0.99761266
1896,0.017920000000000002,-0.99762887
1897,0.01794,-0.99764484
1898,0.01796,-0.9976609
1899,0.01798,-0.9976767
1900,0.018000000000000006,-0.99769235
1901,0.018020000000000005,-0.9977079
1902,0.018040000000000004,-0.9977234
1903,0.018060000000000003,-0.99773884
1904,0.018080000000000002,-0.99775416
1905,0.0181,-0.99776936
1906,0.01812,-0.9977844
1907,0.01814,-0.99779934
1908,0.018160000000000006,-0.9978143
1909,0.018180000000000005,-0.9978291
1910,0.018200000000000004,-0.99784374
1911,0.018220000000000004,-0.9978583
1912,0.018240000000000003,-0.9978728
1913,0.018260000000000002,-0.9978872
1914,0.01828,-0.99790144
1915,0.0183,-0.9979157
1916,0.01832,-0.9979298
1917,0.018340000000000006,-0.9979437
1918,0.018360000000000005,-0.9979577
1919,0.018380000000000004,-0.9979714
1920,0.018400000000000003,-0.99798524
1921,0.018420000000000002,-0.99799883
1922,0.01844,-0.9980123
1923,0.01846,-0.9980259
1924,0.01848,-0.9980391
1925,0.018500000000000006,-0.9980525
1926,0.018520000000000005,-0.99806565
1927,0.018540000000000004,-0.9980787
1928,0.018560000000000004,-0.99809164
1929,0.018580000000000003,-0.9981046
1930,0.018600000000000002,-0.9981174
1931,0.01862,-0.99813014
1932,0.01864,-0.9981428
1933,0.01866,-0.9981553
1934,0.018680000000000006,-0.9981678
1935,0.018700000000000005,-0.9981802
1936,0.018720000000000004,-0.9981925
1937,0.018740000000000003,-0.9982047
1938,0.018760000000000002,-0.99821687
1939,0.01878,-0.9982289
1940,0.0188,-0.99824095
1941,0.01882,-0.9982528
1942,0.018840000000000006,-0.9982647
1943,0.018860000000000005,-0.99827635
1944,0.018880000000000004,-0.998288
1945,0.018900000000000004,-0.9982996
1946,0.018920000000000003,-0.99831116
1947,0.018940000000000002,-0.99832255
1948,0.01896,-0.9983339
1949,0.01898,-0.9983452
1950,0.019,-0.9983564
1951,0.019020000000000006,-0.99836755
1952,0.019040000000000005,-0.9983785
1953,0.019060000000000004,-0.9983895
1954,0.019080000000000003,-0.99840045
1955,0.019100000000000002,-0.99841124
1956,0.01912,-0.99842197
1957,0.01914,-0.99843264
1958,0.01916,-0.9984432
1959,0.019180000000000006,-0.99845374
1960,0.019200000000000005,-0.9984642
1961,0.019220000000000004,-0.9984746
1962,0.019240000000000004,-0.9984849
1963,0.019260000000000003,-0.9984952
1964,0.019280000000000002,-0.9985053
1965,0.0193,-0.9985155
1966,0.01932,-0.99852544
1967,0.01934,-0.9985355
1968,0.019360000000000006,-0.9985454
1969,0.019380000000000005,-0.99855524
1970,0.019400000000000004,-0.998565
1971,0.019420000000000003,-0.9985747
1972,0.019440000000000002,-0.99858433
1973,0.01946,-0.9985939
1974,0.01948,-0.9986034
1975,0.0195,-0.99861294
1976,0.019520000000000006,-0.99862224
1977,0.019540000000000005,-0.99863166
1978,0.019560000000000004,-0.9986408
1979,0.019580000000000004,-0.99865
1980,0.019600000000000003,-0.9986592
1981,0.019620000000000002,-0.9986682
1982,0.01964,-0.9986773
1983,0.01966,-0.99868625
1984,0.01968,-0.9986951
1985,0.019700000000000006,-0.998704
1986,0.019720000000000005,-0.9987127
1987,0.019740000000000004,-0.9987213
1988,0.019760000000000003,-0.99873006
1989,0.019780000000000002,-0.9987386
1990,0.0198,-0.9987471
1991,0.01982,-0.99875563
1992,0.01984,-0.99876416
1993,0.019860000000000006,-0.99877244
1994,0.019880000000000005,-0.9987808
1995,0.019900000000000004,-0.9987891
1996,0.019920000000000004,-0.9987971
1997,0.019940000000000003,-0.9988053
1998,0.019960000000000002,-0.99881333
1999,0.01998,-0.99882144
2000,0.02,-0.9988294
